x,y,v
Binary_Balanced_1,Binary_Balanced_2,0.9997114417528107
Binary_Balanced_1,Binary_Extreme_1a,1.8421308213356586e-05
Binary_Balanced_1,Binary_Extreme_1b,1.8421308213356586e-05
Binary_Balanced_1,Binary_Extreme_2,0.0034391839071550878
Binary_Balanced_1,Trinary_Balanced_1,0.01304786166588256
Binary_Balanced_1,Trinary_Balanced_2,0.01304786166588256
Binary_Balanced_1,Trinary_Skewed_1a,0.02969897720293151
Binary_Balanced_1,Trinary_Skewed_1b,0.02969897720293151
Binary_Balanced_1,Trinary_Skewed_2,0.007262614860061515
Binary_Balanced_1,Trinary_Extreme_1a,0.06001842130821337
Binary_Balanced_1,Trinary_Extreme_1b,0.06001842130821337
Binary_Balanced_1,Trinary_Extreme_2,0.1210234347052935
Binary_Balanced_1,Quaternary_Balanced_1,0.9997114417528108
Binary_Balanced_1,Quaternary_Balanced_2,0.9997114417528108
Binary_Balanced_1,Quaternary_Skewed_1a,0.04118343934404357
Binary_Balanced_1,Quaternary_Skewed_1b,0.04118343934404357
Binary_Balanced_1,Quaternary_Skewed_2,0.008361455332535739
Binary_Balanced_1,Quaternary_Extreme_1a,0.023935662298371466
Binary_Balanced_1,Quaternary_Extreme_1b,0.023935662298371466
Binary_Balanced_1,Quaternary_Extreme_2,0.016607160650460372
Binary_Balanced_1,Continuous_Normal,0.0
Binary_Balanced_1,Continuous_Skewed,0.05733461834175335
Binary_Balanced_1,Continuous_Binary_Normal_1,0.6979721793101967
Binary_Balanced_1,Continuous_Binary_Normal_2,0.6979721793101967
Binary_Balanced_1,Continuous_Trinary_Normal,0.0003870422250600303
Binary_Balanced_1,Continuous_Quaternary_Normal,0.6979721793101967
Binary_Balanced_1,Continuous_Binary_Skewed,0.6979721793101967
Binary_Balanced_1,Continuous_Trinary_Skewed,0.0
Binary_Balanced_1,Continuous_Quaternary_Skewed,0.6979721793101967
Binary_Balanced_1,Unary_1,0.0
Binary_Balanced_1,Unary_2,0.034158576246593686
Binary_Balanced_1,Correlated_1,0.0
Binary_Balanced_1,Correlated_2,0.0
Binary_Balanced_2,Binary_Extreme_1a,1.8421308213356586e-05
Binary_Balanced_2,Binary_Extreme_1b,1.8421308213356586e-05
Binary_Balanced_2,Binary_Extreme_2,0.0034391839071550878
Binary_Balanced_2,Trinary_Balanced_1,0.01304786166588256
Binary_Balanced_2,Trinary_Balanced_2,0.01304786166588256
Binary_Balanced_2,Trinary_Skewed_1a,0.02969897720293151
Binary_Balanced_2,Trinary_Skewed_1b,0.02969897720293151
Binary_Balanced_2,Trinary_Skewed_2,0.007262614860061515
Binary_Balanced_2,Trinary_Extreme_1a,0.06001842130821337
Binary_Balanced_2,Trinary_Extreme_1b,0.06001842130821337
Binary_Balanced_2,Trinary_Extreme_2,0.1210234347052935
Binary_Balanced_2,Quaternary_Balanced_1,0.9997114417528108
Binary_Balanced_2,Quaternary_Balanced_2,0.9997114417528108
Binary_Balanced_2,Quaternary_Skewed_1a,0.04118343934404357
Binary_Balanced_2,Quaternary_Skewed_1b,0.04118343934404357
Binary_Balanced_2,Quaternary_Skewed_2,0.008361455332535739
Binary_Balanced_2,Quaternary_Extreme_1a,0.023935662298371466
Binary_Balanced_2,Quaternary_Extreme_1b,0.023935662298371466
Binary_Balanced_2,Quaternary_Extreme_2,0.016607160650460372
Binary_Balanced_2,Continuous_Normal,0.0
Binary_Balanced_2,Continuous_Skewed,0.05733461834175335
Binary_Balanced_2,Continuous_Binary_Normal_1,0.6979721793101967
Binary_Balanced_2,Continuous_Binary_Normal_2,0.6979721793101967
Binary_Balanced_2,Continuous_Trinary_Normal,0.0003870422250600303
Binary_Balanced_2,Continuous_Quaternary_Normal,0.6979721793101967
Binary_Balanced_2,Continuous_Binary_Skewed,0.6979721793101967
Binary_Balanced_2,Continuous_Trinary_Skewed,0.0
Binary_Balanced_2,Continuous_Quaternary_Skewed,0.6979721793101967
Binary_Balanced_2,Unary_1,0.0
Binary_Balanced_2,Unary_2,0.034158576246593686
Binary_Balanced_2,Correlated_1,0.0
Binary_Balanced_2,Correlated_2,0.0
Binary_Extreme_1a,Binary_Extreme_1b,0.32744491915447693
Binary_Extreme_1a,Binary_Extreme_2,0.011435488583754165
Binary_Extreme_1a,Trinary_Balanced_1,0.010174450279066273
Binary_Extreme_1a,Trinary_Balanced_2,0.010174450279066273
Binary_Extreme_1a,Trinary_Skewed_1a,0.32744491915447593
Binary_Extreme_1a,Trinary_Skewed_1b,0.32744491915447593
Binary_Extreme_1a,Trinary_Skewed_2,0.025810526502771828
Binary_Extreme_1a,Trinary_Extreme_1a,0.32744491915447693
Binary_Extreme_1a,Trinary_Extreme_1b,0.32744491915447693
Binary_Extreme_1a,Trinary_Extreme_2,0.011435488583754205
Binary_Extreme_1a,Quaternary_Balanced_1,0.005907028383619798
Binary_Extreme_1a,Quaternary_Balanced_2,0.005907028383619798
Binary_Extreme_1a,Quaternary_Skewed_1a,0.19764041924101564
Binary_Extreme_1a,Quaternary_Skewed_1b,0.19764041924101564
Binary_Extreme_1a,Quaternary_Skewed_2,0.03466964958737782
Binary_Extreme_1a,Quaternary_Extreme_1a,0.23134851441010768
Binary_Extreme_1a,Quaternary_Extreme_1b,0.23134851441010768
Binary_Extreme_1a,Quaternary_Extreme_2,0.014547164540611906
Binary_Extreme_1a,Continuous_Normal,0.0
Binary_Extreme_1a,Continuous_Skewed,0.0
Binary_Extreme_1a,Continuous_Binary_Normal_1,0.0
Binary_Extreme_1a,Continuous_Binary_Normal_2,0.0
Binary_Extreme_1a,Continuous_Trinary_Normal,0.0
Binary_Extreme_1a,Continuous_Quaternary_Normal,0.0
Binary_Extreme_1a,Continuous_Binary_Skewed,0.0
Binary_Extreme_1a,Continuous_Trinary_Skewed,0.0
Binary_Extreme_1a,Continuous_Quaternary_Skewed,0.0
Binary_Extreme_1a,Unary_1,0.0
Binary_Extreme_1a,Unary_2,0.002709127638625297
Binary_Extreme_1a,Correlated_1,0.19643989577961063
Binary_Extreme_1a,Correlated_2,0.19243989577961051
Binary_Extreme_1b,Binary_Extreme_2,0.011435488583754165
Binary_Extreme_1b,Trinary_Balanced_1,0.010174450279066273
Binary_Extreme_1b,Trinary_Balanced_2,0.010174450279066273
Binary_Extreme_1b,Trinary_Skewed_1a,0.32744491915447593
Binary_Extreme_1b,Trinary_Skewed_1b,0.32744491915447593
Binary_Extreme_1b,Trinary_Skewed_2,0.025810526502771828
Binary_Extreme_1b,Trinary_Extreme_1a,0.32744491915447693
Binary_Extreme_1b,Trinary_Extreme_1b,0.32744491915447693
Binary_Extreme_1b,Trinary_Extreme_2,0.011435488583754205
Binary_Extreme_1b,Quaternary_Balanced_1,0.005907028383619798
Binary_Extreme_1b,Quaternary_Balanced_2,0.005907028383619798
Binary_Extreme_1b,Quaternary_Skewed_1a,0.19764041924101564
Binary_Extreme_1b,Quaternary_Skewed_1b,0.19764041924101564
Binary_Extreme_1b,Quaternary_Skewed_2,0.03466964958737782
Binary_Extreme_1b,Quaternary_Extreme_1a,0.23134851441010768
Binary_Extreme_1b,Quaternary_Extreme_1b,0.23134851441010768
Binary_Extreme_1b,Quaternary_Extreme_2,0.014547164540611906
Binary_Extreme_1b,Continuous_Normal,0.0
Binary_Extreme_1b,Continuous_Skewed,0.0
Binary_Extreme_1b,Continuous_Binary_Normal_1,0.0
Binary_Extreme_1b,Continuous_Binary_Normal_2,0.0
Binary_Extreme_1b,Continuous_Trinary_Normal,0.0
Binary_Extreme_1b,Continuous_Quaternary_Normal,0.0
Binary_Extreme_1b,Continuous_Binary_Skewed,0.0
Binary_Extreme_1b,Continuous_Trinary_Skewed,0.0
Binary_Extreme_1b,Continuous_Quaternary_Skewed,0.0
Binary_Extreme_1b,Unary_1,0.0
Binary_Extreme_1b,Unary_2,0.003021627638625235
Binary_Extreme_1b,Correlated_1,0.19777322911294382
Binary_Extreme_1b,Correlated_2,0.19443989577961052
Binary_Extreme_2,Trinary_Balanced_1,0.0020372008020873474
Binary_Extreme_2,Trinary_Balanced_2,0.0020372008020873474
Binary_Extreme_2,Trinary_Skewed_1a,0.05113145515677801
Binary_Extreme_2,Trinary_Skewed_1b,0.05113145515677801
Binary_Extreme_2,Trinary_Skewed_2,0.5293608652873645
Binary_Extreme_2,Trinary_Extreme_1a,0.011435488583754205
Binary_Extreme_2,Trinary_Extreme_1b,0.011435488583754205
Binary_Extreme_2,Trinary_Extreme_2,0.5293608652873646
Binary_Extreme_2,Quaternary_Balanced_1,0.016955884288332224
Binary_Extreme_2,Quaternary_Balanced_2,0.016955884288332224
Binary_Extreme_2,Quaternary_Skewed_1a,0.0808151278239047
Binary_Extreme_2,Quaternary_Skewed_1b,0.0808151278239047
Binary_Extreme_2,Quaternary_Skewed_2,0.4117766144892272
Binary_Extreme_2,Quaternary_Extreme_1a,0.01950230938974974
Binary_Extreme_2,Quaternary_Extreme_1b,0.01950230938974974
Binary_Extreme_2,Quaternary_Extreme_2,0.46039489576496706
Binary_Extreme_2,Continuous_Normal,0.0
Binary_Extreme_2,Continuous_Skewed,0.0
Binary_Extreme_2,Continuous_Binary_Normal_1,0.0
Binary_Extreme_2,Continuous_Binary_Normal_2,0.0
Binary_Extreme_2,Continuous_Trinary_Normal,0.028260942723834503
Binary_Extreme_2,Continuous_Quaternary_Normal,0.017922606147792175
Binary_Extreme_2,Continuous_Binary_Skewed,0.0
Binary_Extreme_2,Continuous_Trinary_Skewed,0.0
Binary_Extreme_2,Continuous_Quaternary_Skewed,0.009634825406731773
Binary_Extreme_2,Unary_1,0.01556057745295214
Binary_Extreme_2,Unary_2,0.0
Binary_Extreme_2,Correlated_1,0.33295151243084875
Binary_Extreme_2,Correlated_2,0.3354515124308488
Trinary_Balanced_1,Trinary_Balanced_2,1.5705750531512883
Trinary_Balanced_1,Trinary_Skewed_1a,0.014329428273616497
Trinary_Balanced_1,Trinary_Skewed_1b,0.014329428273616497
Trinary_Balanced_1,Trinary_Skewed_2,0.004619619637139161
Trinary_Balanced_1,Trinary_Extreme_1a,0.022625575257431578
Trinary_Balanced_1,Trinary_Extreme_1b,0.022625575257431578
Trinary_Balanced_1,Trinary_Extreme_2,0.02226807666512973
Trinary_Balanced_1,Quaternary_Balanced_1,0.018380739631383754
Trinary_Balanced_1,Quaternary_Balanced_2,0.018380739631383754
Trinary_Balanced_1,Quaternary_Skewed_1a,0.022549278272022646
Trinary_Balanced_1,Quaternary_Skewed_1b,0.022549278272022646
Trinary_Balanced_1,Quaternary_Skewed_2,0.02425422814144298
Trinary_Balanced_1,Quaternary_Extreme_1a,0.16153844582944674
Trinary_Balanced_1,Quaternary_Extreme_1b,0.16153844582944674
Trinary_Balanced_1,Quaternary_Extreme_2,0.2346137197672173
Trinary_Balanced_1,Continuous_Normal,0.0
Trinary_Balanced_1,Continuous_Skewed,0.029928379804831762
Trinary_Balanced_1,Continuous_Binary_Normal_1,0.02044688066876832
Trinary_Balanced_1,Continuous_Binary_Normal_2,0.06203363454097133
Trinary_Balanced_1,Continuous_Trinary_Normal,1.0987079325534241
Trinary_Balanced_1,Continuous_Quaternary_Normal,0.0
Trinary_Balanced_1,Continuous_Binary_Skewed,0.0
Trinary_Balanced_1,Continuous_Trinary_Skewed,1.0987079325534241
Trinary_Balanced_1,Continuous_Quaternary_Skewed,0.0
Trinary_Balanced_1,Unary_1,0.0
Trinary_Balanced_1,Unary_2,0.07981479958746851
Trinary_Balanced_1,Correlated_1,0.0
Trinary_Balanced_1,Correlated_2,0.0
Trinary_Balanced_2,Trinary_Skewed_1a,0.014329428273616497
Trinary_Balanced_2,Trinary_Skewed_1b,0.014329428273616497
Trinary_Balanced_2,Trinary_Skewed_2,0.004619619637139161
Trinary_Balanced_2,Trinary_Extreme_1a,0.022625575257431578
Trinary_Balanced_2,Trinary_Extreme_1b,0.022625575257431578
Trinary_Balanced_2,Trinary_Extreme_2,0.02226807666512973
Trinary_Balanced_2,Quaternary_Balanced_1,0.018380739631383754
Trinary_Balanced_2,Quaternary_Balanced_2,0.018380739631383754
Trinary_Balanced_2,Quaternary_Skewed_1a,0.022549278272022646
Trinary_Balanced_2,Quaternary_Skewed_1b,0.022549278272022646
Trinary_Balanced_2,Quaternary_Skewed_2,0.02425422814144298
Trinary_Balanced_2,Quaternary_Extreme_1a,0.16153844582944674
Trinary_Balanced_2,Quaternary_Extreme_1b,0.16153844582944674
Trinary_Balanced_2,Quaternary_Extreme_2,0.2346137197672173
Trinary_Balanced_2,Continuous_Normal,0.0
Trinary_Balanced_2,Continuous_Skewed,0.029928379804831762
Trinary_Balanced_2,Continuous_Binary_Normal_1,0.02044688066876832
Trinary_Balanced_2,Continuous_Binary_Normal_2,0.06203363454097133
Trinary_Balanced_2,Continuous_Trinary_Normal,1.0987079325534241
Trinary_Balanced_2,Continuous_Quaternary_Normal,0.0
Trinary_Balanced_2,Continuous_Binary_Skewed,0.0
Trinary_Balanced_2,Continuous_Trinary_Skewed,1.0987079325534241
Trinary_Balanced_2,Continuous_Quaternary_Skewed,0.0
Trinary_Balanced_2,Unary_1,0.0
Trinary_Balanced_2,Unary_2,0.07981479958746851
Trinary_Balanced_2,Correlated_1,0.0
Trinary_Balanced_2,Correlated_2,0.0
Trinary_Skewed_1a,Trinary_Skewed_1b,0.9897470292547147
Trinary_Skewed_1a,Trinary_Skewed_2,0.11675418609115243
Trinary_Skewed_1a,Trinary_Extreme_1a,0.327444919154476
Trinary_Skewed_1a,Trinary_Extreme_1b,0.327444919154476
Trinary_Skewed_1a,Trinary_Extreme_2,0.05113145515677798
Trinary_Skewed_1a,Quaternary_Balanced_1,0.09000233291942221
Trinary_Skewed_1a,Quaternary_Balanced_2,0.09000233291942221
Trinary_Skewed_1a,Quaternary_Skewed_1a,0.700709074422067
Trinary_Skewed_1a,Quaternary_Skewed_1b,0.700709074422067
Trinary_Skewed_1a,Quaternary_Skewed_2,0.15810645970778053
Trinary_Skewed_1a,Quaternary_Extreme_1a,0.332437437118829
Trinary_Skewed_1a,Quaternary_Extreme_1b,0.332437437118829
Trinary_Skewed_1a,Quaternary_Extreme_2,0.06519875975391436
Trinary_Skewed_1a,Continuous_Normal,0.02496295364328671
Trinary_Skewed_1a,Continuous_Skewed,0.065854175055853
Trinary_Skewed_1a,Continuous_Binary_Normal_1,0.0
Trinary_Skewed_1a,Continuous_Binary_Normal_2,0.05052292677677794
Trinary_Skewed_1a,Continuous_Trinary_Normal,0.023746463349249458
Trinary_Skewed_1a,Continuous_Quaternary_Normal,0.03946762257825975
Trinary_Skewed_1a,Continuous_Binary_Skewed,0.0027025486498264417
Trinary_Skewed_1a,Continuous_Trinary_Skewed,0.0
Trinary_Skewed_1a,Continuous_Quaternary_Skewed,0.07588511208643811
Trinary_Skewed_1a,Unary_1,0.0
Trinary_Skewed_1a,Unary_2,0.10278223553936772
Trinary_Skewed_1a,Correlated_1,0.6412039748201596
Trinary_Skewed_1a,Correlated_2,0.6433706414868262
Trinary_Skewed_1b,Trinary_Skewed_2,0.11675418609115243
Trinary_Skewed_1b,Trinary_Extreme_1a,0.327444919154476
Trinary_Skewed_1b,Trinary_Extreme_1b,0.327444919154476
Trinary_Skewed_1b,Trinary_Extreme_2,0.05113145515677798
Trinary_Skewed_1b,Quaternary_Balanced_1,0.09000233291942221
Trinary_Skewed_1b,Quaternary_Balanced_2,0.09000233291942221
Trinary_Skewed_1b,Quaternary_Skewed_1a,0.700709074422067
Trinary_Skewed_1b,Quaternary_Skewed_1b,0.700709074422067
Trinary_Skewed_1b,Quaternary_Skewed_2,0.15810645970778053
Trinary_Skewed_1b,Quaternary_Extreme_1a,0.332437437118829
Trinary_Skewed_1b,Quaternary_Extreme_1b,0.332437437118829
Trinary_Skewed_1b,Quaternary_Extreme_2,0.06519875975391436
Trinary_Skewed_1b,Continuous_Normal,0.02496295364328671
Trinary_Skewed_1b,Continuous_Skewed,0.06531945283363072
Trinary_Skewed_1b,Continuous_Binary_Normal_1,0.0
Trinary_Skewed_1b,Continuous_Binary_Normal_2,0.05052292677677794
Trinary_Skewed_1b,Continuous_Trinary_Normal,0.0234761930789793
Trinary_Skewed_1b,Continuous_Quaternary_Normal,0.039878140155053865
Trinary_Skewed_1b,Continuous_Binary_Skewed,0.0028912278951094272
Trinary_Skewed_1b,Continuous_Trinary_Skewed,0.0
Trinary_Skewed_1b,Continuous_Quaternary_Skewed,0.07588511208643811
Trinary_Skewed_1b,Unary_1,0.0
Trinary_Skewed_1b,Unary_2,0.1024489022060342
Trinary_Skewed_1b,Correlated_1,0.6392039748201597
Trinary_Skewed_1b,Correlated_2,0.6433706414868262
Trinary_Skewed_2,Trinary_Extreme_1a,0.025810526502771908
Trinary_Skewed_2,Trinary_Extreme_1b,0.025810526502771908
Trinary_Skewed_2,Trinary_Extreme_2,0.5293608652873646
Trinary_Skewed_2,Quaternary_Balanced_1,0.03643946720418849
Trinary_Skewed_2,Quaternary_Balanced_2,0.03643946720418849
Trinary_Skewed_2,Quaternary_Skewed_1a,0.18647433138926398
Trinary_Skewed_2,Quaternary_Skewed_1b,0.18647433138926398
Trinary_Skewed_2,Quaternary_Skewed_2,0.7938865128625495
Trinary_Skewed_2,Quaternary_Extreme_1a,0.044113463674602775
Trinary_Skewed_2,Quaternary_Extreme_1b,0.044113463674602775
Trinary_Skewed_2,Quaternary_Extreme_2,0.5478480705791366
Trinary_Skewed_2,Continuous_Normal,0.0
Trinary_Skewed_2,Continuous_Skewed,0.0
Trinary_Skewed_2,Continuous_Binary_Normal_1,0.03964913436000672
Trinary_Skewed_2,Continuous_Binary_Normal_2,0.0
Trinary_Skewed_2,Continuous_Trinary_Normal,0.010174173735665315
Trinary_Skewed_2,Continuous_Quaternary_Normal,0.018131513069055583
Trinary_Skewed_2,Continuous_Binary_Skewed,0.0
Trinary_Skewed_2,Continuous_Trinary_Skewed,0.0
Trinary_Skewed_2,Continuous_Quaternary_Skewed,0.013910696583359528
Trinary_Skewed_2,Unary_1,0.026743010134046674
Trinary_Skewed_2,Unary_2,0.005004876340626074
Trinary_Skewed_2,Correlated_1,0.7065141136281542
Trinary_Skewed_2,Correlated_2,0.7065141136281542
Trinary_Extreme_1a,Trinary_Extreme_1b,0.3874449191544769
Trinary_Extreme_1a,Trinary_Extreme_2,0.011435488583754245
Trinary_Extreme_1a,Quaternary_Balanced_1,0.06590702838361975
Trinary_Extreme_1a,Quaternary_Balanced_2,0.06590702838361975
Trinary_Extreme_1a,Quaternary_Skewed_1a,0.2251892942626503
Trinary_Extreme_1a,Quaternary_Skewed_1b,0.2251892942626503
Trinary_Extreme_1a,Quaternary_Skewed_2,0.03466964958737786
Trinary_Extreme_1a,Quaternary_Extreme_1a,0.2437996393884729
Trinary_Extreme_1a,Quaternary_Extreme_1b,0.2437996393884729
Trinary_Extreme_1a,Quaternary_Extreme_2,0.014547164540611945
Trinary_Extreme_1a,Continuous_Normal,0.0
Trinary_Extreme_1a,Continuous_Skewed,0.0
Trinary_Extreme_1a,Continuous_Binary_Normal_1,0.022653280173897228
Trinary_Extreme_1a,Continuous_Binary_Normal_2,0.03997281943270892
Trinary_Extreme_1a,Continuous_Trinary_Normal,0.0
Trinary_Extreme_1a,Continuous_Quaternary_Normal,0.0
Trinary_Extreme_1a,Continuous_Binary_Skewed,0.019983230802234964
Trinary_Extreme_1a,Continuous_Trinary_Skewed,0.0
Trinary_Extreme_1a,Continuous_Quaternary_Skewed,0.0
Trinary_Extreme_1a,Unary_1,0.0
Trinary_Extreme_1a,Unary_2,0.0
Trinary_Extreme_1a,Correlated_1,0.20176132435103944
Trinary_Extreme_1a,Correlated_2,0.20176132435103944
Trinary_Extreme_1b,Trinary_Extreme_2,0.011435488583754245
Trinary_Extreme_1b,Quaternary_Balanced_1,0.06590702838361975
Trinary_Extreme_1b,Quaternary_Balanced_2,0.06590702838361975
Trinary_Extreme_1b,Quaternary_Skewed_1a,0.2251892942626503
Trinary_Extreme_1b,Quaternary_Skewed_1b,0.2251892942626503
Trinary_Extreme_1b,Quaternary_Skewed_2,0.03466964958737786
Trinary_Extreme_1b,Quaternary_Extreme_1a,0.2437996393884729
Trinary_Extreme_1b,Quaternary_Extreme_1b,0.2437996393884729
Trinary_Extreme_1b,Quaternary_Extreme_2,0.014547164540611945
Trinary_Extreme_1b,Continuous_Normal,0.0
Trinary_Extreme_1b,Continuous_Skewed,0.0
Trinary_Extreme_1b,Continuous_Binary_Normal_1,0.02344693096754802
Trinary_Extreme_1b,Continuous_Binary_Normal_2,0.03997281943270892
Trinary_Extreme_1b,Continuous_Trinary_Normal,0.0
Trinary_Extreme_1b,Continuous_Quaternary_Normal,0.0
Trinary_Extreme_1b,Continuous_Binary_Skewed,0.019756781526872658
Trinary_Extreme_1b,Continuous_Trinary_Skewed,0.0
Trinary_Extreme_1b,Continuous_Quaternary_Skewed,0.0
Trinary_Extreme_1b,Unary_1,0.0
Trinary_Extreme_1b,Unary_2,0.0
Trinary_Extreme_1b,Correlated_1,0.20176132435103944
Trinary_Extreme_1b,Correlated_2,0.19231687990659507
Trinary_Extreme_2,Quaternary_Balanced_1,0.1345401350864705
Trinary_Extreme_2,Quaternary_Balanced_2,0.1345401350864705
Trinary_Extreme_2,Quaternary_Skewed_1a,0.08081512782390476
Trinary_Extreme_2,Quaternary_Skewed_1b,0.08081512782390476
Trinary_Extreme_2,Quaternary_Skewed_2,0.4118473660422345
Trinary_Extreme_2,Quaternary_Extreme_1a,0.01950230938974986
Trinary_Extreme_2,Quaternary_Extreme_1b,0.01950230938974986
Trinary_Extreme_2,Quaternary_Extreme_2,0.4806257716280094
Trinary_Extreme_2,Continuous_Normal,0.0
Trinary_Extreme_2,Continuous_Skewed,0.0
Trinary_Extreme_2,Continuous_Binary_Normal_1,0.03937760492804898
Trinary_Extreme_2,Continuous_Binary_Normal_2,0.0724019394923856
Trinary_Extreme_2,Continuous_Trinary_Normal,0.014740029634919827
Trinary_Extreme_2,Continuous_Quaternary_Normal,0.08638057956244127
Trinary_Extreme_2,Continuous_Binary_Skewed,0.02874177735189276
Trinary_Extreme_2,Continuous_Trinary_Skewed,0.0
Trinary_Extreme_2,Continuous_Quaternary_Skewed,0.07530614085895038
Trinary_Extreme_2,Unary_1,0.0
Trinary_Extreme_2,Unary_2,0.003058603965729212
Trinary_Extreme_2,Correlated_1,0.3125709208002565
Trinary_Extreme_2,Correlated_2,0.3106383811177167
Quaternary_Balanced_1,Quaternary_Balanced_2,1.9982905164007525
Quaternary_Balanced_1,Quaternary_Skewed_1a,0.05476650578710714
Quaternary_Balanced_1,Quaternary_Skewed_1b,0.05476650578710714
Quaternary_Balanced_1,Quaternary_Skewed_2,0.11316783638382129
Quaternary_Balanced_1,Quaternary_Extreme_1a,0.07759256887481866
Quaternary_Balanced_1,Quaternary_Extreme_1b,0.07759256887481866
Quaternary_Balanced_1,Quaternary_Extreme_2,0.07846931262060804
Quaternary_Balanced_1,Continuous_Normal,0.0
Quaternary_Balanced_1,Continuous_Skewed,0.15673022174603268
Quaternary_Balanced_1,Continuous_Binary_Normal_1,0.6211863839531582
Quaternary_Balanced_1,Continuous_Binary_Normal_2,0.6649013911681652
Quaternary_Balanced_1,Continuous_Trinary_Normal,0.03886806399830878
Quaternary_Balanced_1,Continuous_Quaternary_Normal,1.4002347245014988
Quaternary_Balanced_1,Continuous_Binary_Skewed,0.7068774706442451
Quaternary_Balanced_1,Continuous_Trinary_Skewed,0.0
Quaternary_Balanced_1,Continuous_Quaternary_Skewed,1.4002347245014988
Quaternary_Balanced_1,Unary_1,0.0069099075752316885
Quaternary_Balanced_1,Unary_2,0.0
Quaternary_Balanced_1,Correlated_1,0.08576624566600533
Quaternary_Balanced_1,Correlated_2,0.08736880976856964
Quaternary_Balanced_2,Quaternary_Skewed_1a,0.05476650578710714
Quaternary_Balanced_2,Quaternary_Skewed_1b,0.05476650578710714
Quaternary_Balanced_2,Quaternary_Skewed_2,0.11316783638382129
Quaternary_Balanced_2,Quaternary_Extreme_1a,0.07759256887481866
Quaternary_Balanced_2,Quaternary_Extreme_1b,0.07759256887481866
Quaternary_Balanced_2,Quaternary_Extreme_2,0.07846931262060804
Quaternary_Balanced_2,Continuous_Normal,0.0
Quaternary_Balanced_2,Continuous_Skewed,0.15673022174603268
Quaternary_Balanced_2,Continuous_Binary_Normal_1,0.6211863839531582
Quaternary_Balanced_2,Continuous_Binary_Normal_2,0.6649013911681652
Quaternary_Balanced_2,Continuous_Trinary_Normal,0.03886806399830878
Quaternary_Balanced_2,Continuous_Quaternary_Normal,1.4002347245014988
Quaternary_Balanced_2,Continuous_Binary_Skewed,0.7068774706442451
Quaternary_Balanced_2,Continuous_Trinary_Skewed,0.0
Quaternary_Balanced_2,Continuous_Quaternary_Skewed,1.4002347245014988
Quaternary_Balanced_2,Unary_1,0.0069099075752316885
Quaternary_Balanced_2,Unary_2,0.0
Quaternary_Balanced_2,Correlated_1,0.08576624566600533
Quaternary_Balanced_2,Correlated_2,0.08433767423743399
Quaternary_Skewed_1a,Quaternary_Skewed_1b,1.3744484282936724
Quaternary_Skewed_1a,Quaternary_Skewed_2,0.2544924386442886
Quaternary_Skewed_1a,Quaternary_Extreme_1a,0.31754312331201445
Quaternary_Skewed_1a,Quaternary_Extreme_1b,0.31754312331201445
Quaternary_Skewed_1a,Quaternary_Extreme_2,0.10326291047654515
Quaternary_Skewed_1a,Continuous_Normal,0.07020357693701373
Quaternary_Skewed_1a,Continuous_Skewed,0.08611111934224414
Quaternary_Skewed_1a,Continuous_Binary_Normal_1,0.0
Quaternary_Skewed_1a,Continuous_Binary_Normal_2,0.0495607328548997
Quaternary_Skewed_1a,Continuous_Trinary_Normal,0.0
Quaternary_Skewed_1a,Continuous_Quaternary_Normal,0.0
Quaternary_Skewed_1a,Continuous_Binary_Skewed,0.0
Quaternary_Skewed_1a,Continuous_Trinary_Skewed,0.0
Quaternary_Skewed_1a,Continuous_Quaternary_Skewed,0.0038514591770968387
Quaternary_Skewed_1a,Unary_1,0.03641102652073758
Quaternary_Skewed_1a,Unary_2,0.006353342873249401
Quaternary_Skewed_1a,Correlated_1,0.9587078624653023
Quaternary_Skewed_1a,Correlated_2,0.9387078624653022
Quaternary_Skewed_1b,Quaternary_Skewed_2,0.2544924386442886
Quaternary_Skewed_1b,Quaternary_Extreme_1a,0.31754312331201445
Quaternary_Skewed_1b,Quaternary_Extreme_1b,0.31754312331201445
Quaternary_Skewed_1b,Quaternary_Extreme_2,0.10326291047654515
Quaternary_Skewed_1b,Continuous_Normal,0.07020357693701373
Quaternary_Skewed_1b,Continuous_Skewed,0.08611111934224414
Quaternary_Skewed_1b,Continuous_Binary_Normal_1,0.0
Quaternary_Skewed_1b,Continuous_Binary_Normal_2,0.045894066188232996
Quaternary_Skewed_1b,Continuous_Trinary_Normal,0.0
Quaternary_Skewed_1b,Continuous_Quaternary_Normal,0.0
Quaternary_Skewed_1b,Continuous_Binary_Skewed,0.0
Quaternary_Skewed_1b,Continuous_Trinary_Skewed,0.0
Quaternary_Skewed_1b,Continuous_Quaternary_Skewed,0.0036847925104304124
Quaternary_Skewed_1b,Unary_1,0.03641102652073758
Quaternary_Skewed_1b,Unary_2,0.006353342873249401
Quaternary_Skewed_1b,Correlated_1,0.9387078624653022
Quaternary_Skewed_1b,Correlated_2,0.9587078624653023
Quaternary_Skewed_2,Quaternary_Extreme_1a,0.059342648201779265
Quaternary_Skewed_2,Quaternary_Extreme_1b,0.059342648201779265
Quaternary_Skewed_2,Quaternary_Extreme_2,0.5632626447692792
Quaternary_Skewed_2,Continuous_Normal,0.0
Quaternary_Skewed_2,Continuous_Skewed,0.0
Quaternary_Skewed_2,Continuous_Binary_Normal_1,0.0
Quaternary_Skewed_2,Continuous_Binary_Normal_2,0.0
Quaternary_Skewed_2,Continuous_Trinary_Normal,0.0
Quaternary_Skewed_2,Continuous_Quaternary_Normal,0.0
Quaternary_Skewed_2,Continuous_Binary_Skewed,0.0
Quaternary_Skewed_2,Continuous_Trinary_Skewed,0.0
Quaternary_Skewed_2,Continuous_Quaternary_Skewed,0.044296460606714216
Quaternary_Skewed_2,Unary_1,0.038910757134584806
Quaternary_Skewed_2,Unary_2,0.05977687251654462
Quaternary_Skewed_2,Correlated_1,0.9108911073970124
Quaternary_Skewed_2,Correlated_2,0.9029744407303457
Quaternary_Extreme_1a,Quaternary_Extreme_1b,0.6175431233120153
Quaternary_Extreme_1a,Quaternary_Extreme_2,0.024820125232881803
Quaternary_Extreme_1a,Continuous_Normal,0.0
Quaternary_Extreme_1a,Continuous_Skewed,0.0
Quaternary_Extreme_1a,Continuous_Binary_Normal_1,0.0
Quaternary_Extreme_1a,Continuous_Binary_Normal_2,0.024142361908565668
Quaternary_Extreme_1a,Continuous_Trinary_Normal,0.10655600171304092
Quaternary_Extreme_1a,Continuous_Quaternary_Normal,0.030847990545671333
Quaternary_Extreme_1a,Continuous_Binary_Skewed,0.0
Quaternary_Extreme_1a,Continuous_Trinary_Skewed,0.139312379350375
Quaternary_Extreme_1a,Continuous_Quaternary_Skewed,0.0
Quaternary_Extreme_1a,Unary_1,0.0
Quaternary_Extreme_1a,Unary_2,0.003842151896689794
Quaternary_Extreme_1a,Correlated_1,0.27296741988536244
Quaternary_Extreme_1a,Correlated_2,0.27305075321869565
Quaternary_Extreme_1b,Quaternary_Extreme_2,0.024820125232881803
Quaternary_Extreme_1b,Continuous_Normal,0.0
Quaternary_Extreme_1b,Continuous_Skewed,0.0
Quaternary_Extreme_1b,Continuous_Binary_Normal_1,0.0
Quaternary_Extreme_1b,Continuous_Binary_Normal_2,0.02428125079745458
Quaternary_Extreme_1b,Continuous_Trinary_Normal,0.10667677465990089
Quaternary_Extreme_1b,Continuous_Quaternary_Normal,0.035707612771433084
Quaternary_Extreme_1b,Continuous_Binary_Skewed,0.0
Quaternary_Extreme_1b,Continuous_Trinary_Skewed,0.1357399344040171
Quaternary_Extreme_1b,Continuous_Quaternary_Skewed,0.0
Quaternary_Extreme_1b,Unary_1,0.0
Quaternary_Extreme_1b,Unary_2,0.00456868947201805
Quaternary_Extreme_1b,Correlated_1,0.2764912294091717
Quaternary_Extreme_1b,Correlated_2,0.2741578960758386
Quaternary_Extreme_2,Continuous_Normal,0.0
Quaternary_Extreme_2,Continuous_Skewed,0.0
Quaternary_Extreme_2,Continuous_Binary_Normal_1,0.0
Quaternary_Extreme_2,Continuous_Binary_Normal_2,0.0
Quaternary_Extreme_2,Continuous_Trinary_Normal,0.1683251586695984
Quaternary_Extreme_2,Continuous_Quaternary_Normal,0.0
Quaternary_Extreme_2,Continuous_Binary_Skewed,0.0
Quaternary_Extreme_2,Continuous_Trinary_Skewed,0.12671071067464057
Quaternary_Extreme_2,Continuous_Quaternary_Skewed,0.0
Quaternary_Extreme_2,Unary_1,0.0
Quaternary_Extreme_2,Unary_2,0.031724659626879204
Quaternary_Extreme_2,Correlated_1,0.42801608925808465
Quaternary_Extreme_2,Correlated_2,0.4161232321152275
Continuous_Normal,Continuous_Skewed,0.03819553025897715
Continuous_Normal,Continuous_Binary_Normal_1,0.0
Continuous_Normal,Continuous_Binary_Normal_2,0.0
Continuous_Normal,Continuous_Trinary_Normal,0.0
Continuous_Normal,Continuous_Quaternary_Normal,0.0
Continuous_Normal,Continuous_Binary_Skewed,0.0
Continuous_Normal,Continuous_Trinary_Skewed,0.0
Continuous_Normal,Continuous_Quaternary_Skewed,0.0
Continuous_Normal,Unary_1,0.0
Continuous_Normal,Unary_2,0.10970551343201507
Continuous_Normal,Correlated_1,0.017229293708268756
Continuous_Normal,Correlated_2,0.014410057103276586
Continuous_Skewed,Continuous_Binary_Normal_1,0.027940783916789336
Continuous_Skewed,Continuous_Binary_Normal_2,0.03504092152505489
Continuous_Skewed,Continuous_Trinary_Normal,0.0004947798600647424
Continuous_Skewed,Continuous_Quaternary_Normal,0.0
Continuous_Skewed,Continuous_Binary_Skewed,0.06557436111761472
Continuous_Skewed,Continuous_Trinary_Skewed,0.008802842414266987
Continuous_Skewed,Continuous_Quaternary_Skewed,0.03154175060803199
Continuous_Skewed,Unary_1,0.0
Continuous_Skewed,Unary_2,0.0
Continuous_Skewed,Correlated_1,0.07234699346197981
Continuous_Skewed,Correlated_2,0.06654034884873194
Continuous_Binary_Normal_1,Continuous_Binary_Normal_2,0.7002017335037394
Continuous_Binary_Normal_1,Continuous_Trinary_Normal,0.0
Continuous_Binary_Normal_1,Continuous_Quaternary_Normal,0.6824033751530239
Continuous_Binary_Normal_1,Continuous_Binary_Skewed,0.6839223246979633
Continuous_Binary_Normal_1,Continuous_Trinary_Skewed,0.0
Continuous_Binary_Normal_1,Continuous_Quaternary_Skewed,0.6754284518858538
Continuous_Binary_Normal_1,Unary_1,0.0
Continuous_Binary_Normal_1,Unary_2,0.034158576246593686
Continuous_Binary_Normal_1,Correlated_1,0.0
Continuous_Binary_Normal_1,Correlated_2,0.0
Continuous_Binary_Normal_2,Continuous_Trinary_Normal,0.0
Continuous_Binary_Normal_2,Continuous_Quaternary_Normal,0.6968462011329941
Continuous_Binary_Normal_2,Continuous_Binary_Skewed,0.7074172822162739
Continuous_Binary_Normal_2,Continuous_Trinary_Skewed,0.0
Continuous_Binary_Normal_2,Continuous_Quaternary_Skewed,0.7068459542796515
Continuous_Binary_Normal_2,Unary_1,0.0
Continuous_Binary_Normal_2,Unary_2,0.034158576246593686
Continuous_Binary_Normal_2,Correlated_1,0.0
Continuous_Binary_Normal_2,Correlated_2,0.0
Continuous_Trinary_Normal,Continuous_Quaternary_Normal,0.04560045283508618
Continuous_Trinary_Normal,Continuous_Binary_Skewed,0.0
Continuous_Trinary_Normal,Continuous_Trinary_Skewed,1.0880206238319654
Continuous_Trinary_Normal,Continuous_Quaternary_Skewed,0.025626872196972794
Continuous_Trinary_Normal,Unary_1,0.0
Continuous_Trinary_Normal,Unary_2,0.021325812225926555
Continuous_Trinary_Normal,Correlated_1,0.0
Continuous_Trinary_Normal,Correlated_2,0.0
Continuous_Quaternary_Normal,Continuous_Binary_Skewed,0.6673896159404982
Continuous_Quaternary_Normal,Continuous_Trinary_Skewed,0.0
Continuous_Quaternary_Normal,Continuous_Quaternary_Skewed,1.467361832990743
Continuous_Quaternary_Normal,Unary_1,0.038880092817491274
Continuous_Quaternary_Normal,Unary_2,0.0
Continuous_Quaternary_Normal,Correlated_1,0.11796426564518425
Continuous_Quaternary_Normal,Correlated_2,0.11704119748527386
Continuous_Binary_Skewed,Continuous_Trinary_Skewed,0.0
Continuous_Binary_Skewed,Continuous_Quaternary_Skewed,0.7383046860269395
Continuous_Binary_Skewed,Unary_1,0.001304994522507652
Continuous_Binary_Skewed,Unary_2,0.0
Continuous_Binary_Skewed,Correlated_1,0.0
Continuous_Binary_Skewed,Correlated_2,0.0
Continuous_Trinary_Skewed,Continuous_Quaternary_Skewed,0.0
Continuous_Trinary_Skewed,Unary_1,0.0
Continuous_Trinary_Skewed,Unary_2,0.08455966725854847
Continuous_Trinary_Skewed,Correlated_1,0.0
Continuous_Trinary_Skewed,Correlated_2,0.0
Continuous_Quaternary_Skewed,Unary_1,0.012838211365265195
Continuous_Quaternary_Skewed,Unary_2,0.024530625794145333
Continuous_Quaternary_Skewed,Correlated_1,0.09928059700454694
Continuous_Quaternary_Skewed,Correlated_2,0.09991141690928051
Unary_1,Unary_2,0.0
Unary_1,Correlated_1,0.0
Unary_1,Correlated_2,0.0
Unary_2,Correlated_1,0.21496049375252824
Unary_2,Correlated_2,0.2156827823834373
Correlated_1,Correlated_2,3.3198775176396214
